{
  "results": [
    {
      "n_components": 50,
      "variance_sum": 0.63303142786026,
      "test_auc": 0.9998530708198649,
      "brier": 0.004136742934915081,
      "feature_dim": 57,
      "calibrated": true,
      "sentiment_dim": 7
    }
  ],
  "best": {
    "n_components": 50,
    "variance_sum": 0.63303142786026,
    "test_auc": 0.9998530708198649,
    "brier": 0.004136742934915081,
    "feature_dim": 57,
    "calibrated": true,
    "sentiment_dim": 7
  },
  "tolerance": 0.001
}