{
  "results": [
    {
      "n_components": 40,
      "variance_sum": 0.5882652997970581,
      "test_auc": 0.9998898031148986,
      "brier": 0.004433920698078514,
      "feature_dim": 47,
      "calibrated": true,
      "sentiment_dim": 7
    }
  ],
  "best": {
    "n_components": 40,
    "variance_sum": 0.5882652997970581,
    "test_auc": 0.9998898031148986,
    "brier": 0.004433920698078514,
    "feature_dim": 47,
    "calibrated": true,
    "sentiment_dim": 7
  },
  "tolerance": 0.001
}